Brandname,Productname,Colors,Sizes,Description,Materials,Maintenance,RegularPrice,CurrentPrice
New Balance,Sneaker mit Klettverschluss,Mittelgrau,"21|5|22,5|6|23,5|7|25|8|26|9|27,5|10","Kinder Sneaker von New Balance|Veloursleder und Textil|Klettverschluss|Logo-Details|Gummisohle|Sohlenhöhe: 1,5 cm|Farbe Mittelgrau|Artikelnummer 9514283",Hauptmaterial 1: 100% Textil|Hauptmaterial 2: 100% Veloursleder|Futter 1: 100% Textil|Sohle: 100% Gummi,,54.95,39.95
UGG,Boots aus echtem Veloursleder,Schwarz,"22,5|6|23,5|7|25|8|26|9|27|10|28|11|29|12",Kinder Boots von Ugg Australia|Echtes Veloursleder|Überknöchelhoher Schaft|Zierschleife|Logo-Aufnäher|Futter aus Fake Fur|Gummisohle in Kontrastfarbe|Sohlenhöhe: 2 cm|Farbe Schwarz|Artikelnummer 9550419,Hauptmaterial 1: 100% Leder|Futter 1: 100% Textil|Sohle: 100% Gummi,,189.95,119.95
New Balance,Sneaker '574' aus Veloursleder mit Textileinsatz,Türkis,"21|5|22,5|6|23,5|7|25|8|26|9|27,5|10",Kinder Sneaker von New Balance|Modell 574|Veloursleder mit Textil|Kontrasteinsätze aus Mesh|Abgerundete Spitze|Klettverschluss|Logo-Applikationen|Gummisohle|Mehrfarbiges Design mit Details in Neonfarbe|Sohlenhöhe: 1 cm|Farbe Türkis|Artikelnummer 9582386,Hauptmaterial 1: 100% Veloursleder|Hauptmaterial 2: 100% Textil|Sohle: 100% Gummi,,59.95,59.95
UGG,Boots aus Veloursleder mit Futter aus Wolle,Mittelgrau|Mittelbraun,"31|1|32|2|33|3|20,5|4|30|13","Kinder Boots von Ugg Australia|Echtes Veloursleder|Futter aus Wolle|Ziernähte |Sohle aus Gummi|Logo-Aufnäher an der Ferse|Sohlenhöhe: 2,5 cm|Farbe Mittelgrau|Artikelnummer 9550426",Hauptmaterial 1: 100% Veloursleder|Futter 1: 100% Wolle|Sohle: 100% Gummi,,149.95,89.95
New Balance,Sneaker '420' aus Veloursleder,Dunkelgrau,"33|1,5|34,5|2,5|35|3|28|10,5|29|11,5|30|12|31|13|32|13,5",Kinder Sneaker von New Balance|Modell 420|Echtes Veloursleder mit Mesheinsätzen|Abgerundete Spitze|Zwei Klettverschlüsse|Logo-Applikationen|Gummisohle|Sohlenhöhe: 1 cm|Farbe Dunkelgrau|Artikelnummer 9582388,Hauptmaterial 1: 100% Veloursleder|Hauptmaterial 2: 100% Textil|Futter 1: 100% Textil|Sohle: 100% Gummi,,59.95,59.95
GIESSWEIN,Hausschuhe aus Schurwolle,Lila,26|27|28|29|30|31|32,Kinder Hausschuhe von GIESSWEIN|Modell Tengen|Reine Schurwolle |Abgerundete Spitze |Profilsohle |Elastischer Einsatz|Florale Stickerei und Eulen-Applikation|Sohlenhöhe: 1 cm|Farbe Lila|Artikelnummer 9629600,Hauptmaterial 1: 100% Schurwolle,,ab 44.95 ,34.95
SOREL,Boots mit herausnehmbarem Futter - wasserabweisend,Royalblau|Schwarz,"25|8|26|9|27|10|28|11|29|12|30|12,5|31|13","Kinder Boots von SOREL|Modell Children's Flurry|Wasserabweisendes Material|Überknöchelhoher Schaft|Gummizug und Klettverschluss|Profilsohle aus Gummi|Kontraststreifen und Logo-Stickerei|Herausnehmbares Futter aus Filz|Sohlenhöhe: 4,5 cm|Schafthöhe: 16 cm|Schaftweite: 35 cm|Farbe Schwarz|Artikelnummer 9495276",Hauptmaterial 1: 100% Textil|Hauptmaterial 2: 100% Synthetik|Futter 1: 100% Textil|Sohle: 100% Gummi, Nicht waschen| Nicht bleichen| Kein Trockner| Nicht bügeln| Keine chemische Reinigung,54.95,39.95
Aigle,"Gummistiefel aus mattem Gummi
",Rosa,24|25|26|27|28|29|30|31|32|33|34|35|36|37|38,Kinder Gummistiefel von Aigle|Mattes Gummi|Modell Lolly Pop|Zierstreifen|Logo|Textilfutter|Wadenhoher Schaft|Reflektor an der Ferse|Gummisohle|Sohlenhöhe: 2 cm|Schafthöhe: 22 cm|Schaftbreite: 30 cm|Farbe Rosa|Artikelnummer 9483407,Hauptmaterial 1: 100% Gummi|Futter 1: 100% Textil|Sohle: 100% Gummi,,32.95,32.95
Toms,Slip-On Sneaker aus Canvas ,Blau,"32,5|1|33|1,5|34|2|34,5|2,5|35|3|35,5|3,5|36|4|36,5|4,5|37,5|5|38|5,5|22|6|30|12|30,5|12,5|31|13|31,5|13,5","Kinder Slip-On Sneaker von Toms|Canvas|Elastischer Einstieg|Ziernaht|Innensohle aus Leder|Gummisohle|Label-Aufnäher an der Ferse|Angabe in US Größe|Sohlenhöhe: 1,5 cm |Farbe Blau|Artikelnummer 9446978",Hauptmaterial 1: 100% Textil|Futter 1: 100% Leder|Sohle: 100% Gummi,,34.95,21.95
NATIVE,Slip-On Sneaker mit eingestanztem Lochmuster,Mittelgrau|Rot,23|7|24|8|25|9|27|10|28|11|29|12|30|13,"Kinder Slip-On Sneaker von Native|Modell Jefferson|Wasserfestes Material|Abgerundete Spitze|Eingestanztes Lochmuster|Gummisohle|Waschbar|Gummierte Logo-Applikation|Sohlenhöhe: 1,5 cm|Farbe Rot|Artikelnummer 9477123",Hauptmaterial 1: 100% Synthetik|Sohle: 100% Synthetik, Nicht waschen| Nicht bleichen| Kein Trockner| Nicht bügeln| Keine chemische Reinigung,54.95,27.95
Birkenstock,Pantolette mit Star Wars-Print,Schwarz,27|28|29|30|31|32|33|34,"Kinder Pantolette von Birkenstock|Modell Kylo Ren|Birko-Flor|Einen verstellbaren Riemen|Innensohle aus echtem Leder|Ergonomisches Fußbett aus Naturkork|Profilsohle|Star Wars-Print|Made in Germany|Sohlenhöhe: 2,5 cm|Farbe Schwarz|Artikelnummer 9489022",Hauptmaterial 1: 100% Birko-Flor|Futter 1: 100% Leder|Futter 2: 100% Kork|Sohle: 100% Ethylenvinylacetat,,59.95,29.95
GIESSWEIN,Hausschuhe aus Schurwolle,Dunkelblau,26|27|28|29|30|31|32,"Kinder Hausschuhe von GIESSWEIN|Modell Weidach|Reine Schurwolle|Abgerundete Spitze |Profilsohle|Elastischer Einsatz|Sohlenhöhe: 0,5 cm |Farbe Dunkelblau|Artikelnummer 9629598",Hauptmaterial 1: 100% Schurwolle|Sohle: 100% Gummi,,ab 39.95 ,29.95
Toms,Slip-On Sneaker mit umlaufender Schnürung,Jeans,"32,5|1|33|1,5|34|2|34,5|2,5|35|3|35,5|3,5|36|4|36,5|4,5|37,5|5|38|5,5|22|6|30|12|30,5|12,5|31|13|31,5|13,5",Kinder Slip-On Sneaker von Toms|Modell Bimini|Canvas|Kontrastsohle aus Gummi|Leicht gepolsterte Innensohle|Abgerundete Spitze|Elastischer Einsatz|Umlaufende Schnürung|Dekorative Nähte|Logo-Badges|Sohlenhöhe: 2 cm |Farbe Jeans|Artikelnummer 9446983,"Hauptmaterial 1: 100% Textil|Futter 1: 100% Textil|Futter 2: 100% Textil|Sohle: 100% Gummi, 100% Textil",,39.95,24.95
New Balance,Sneaker '574' aus Veloursleder,Pink,"33|1,5|34,5|2,5|35|3|28|10,5|29|11,5|30|12|31|13|32|13,5",Kinder Sneaker von New Balance|Modell 574|Echtes Veloursleder|Kontrasteinsätze aus Mesh|Logo-Aufnäher|Klettverschluss|Gummisohle|Sohlenhöhe: 2 cm|Farbe Pink|Artikelnummer 9582385,Hauptmaterial 1: 100% Leder|Hauptmaterial 2: 100% Textil|Futter 1: 100% Textil|Sohle: 100% Gummi,,64.95,64.95
Converse,Sneaker 'All Star Low' aus Canvas,Schwarz,"32|1|33|1,5|34|2,5|35|3|27|10,5|28|11|29|12|30|12,5|31|13",Kinder Sneaker von Converse|Modell All Star Low|Canvas|Zehenkappe aus Gummi|Schnürverschluss|Gummisohle mit Zierstreifen|Sohlenhöhe: 2 cm|Farbe Schwarz|Artikelnummer 9600007,Hauptmaterial 1: 100% Textil|Futter 1: 100% Textil|Sohle: 100% Gummi,,42.95,42.95
Havaianas,Zehentrenner mit Frozen©-Print,Weiß|Rosa,27/28|29/30|31/32|33/34|35/36,Kinder Zehentrenner von havaianas|Strapazierfähiges Material|Riemen mit Glitter-Effekt und Logo-Applikation|Innensohle mit Frozen©-Print|Gummisohle|Sohlenhöhe: 1 cm|Farbe Rosa|Artikelnummer 9646229,Hauptmaterial 1: 100% Synthetik|Sohle: 100% Gummi,,19.95,19.95
GIESSWEIN,Hausschuhe mit Stickereien,Dunkelblau,26|27|28|29|30|31|32,Kinder Hausschuhe von GIESSWEIN|Modell Aurich|Reine Baumwolle|Elastischer Riemen|Elastischer Einsatz im Fersenbereich|Feuerwehr-Stickereien|Rutschfeste Sohle aus Kautschuk|Made in Austria|Sohlenhöhe: 1 cm|Farbe Dunkelblau|Artikelnummer 9643825,Hauptmaterial 1: 100% Baumwolle|Futter 1: 100% Baumwolle|Sohle: 100% Kautschuk,,37.95,37.95
Converse,High Top Sneaker aus Canvas,Rot,23|7|24|8|25|9|26|10,Kinder High Top Sneaker von Converse|Canvas|Kontrastsohle aus Gummi|Gummierte Vorderkappe|Schnürverschluss|Logo-Badge |US-Größen siehe Größentabelle|Sohlenhöhe: 2 cm |Farbe Rot|Artikelnummer 9446187,Hauptmaterial 1: 100% Textil|Futter 1: 100% Textil|Sohle: 100% Gummi,,44.95,44.95
NATIVE,Slip-On Sneaker mit leuchtender Sohle,Blau|Orange,7|8|9|10|11|12|13,"Kinder Slip-On Sneaker von Native|Modell Jefferson Glow|Wasserfestes Material|Abgerundete Spitze|Eingestanztes Lochmuster|Gummisohle (leuchtet im Dunklen)|Waschbar|Gummierte Logo-Applikation|Sohlenhöhe: 1,5 cm|Farbe Orange|Artikelnummer 9476631",Hauptmaterial 1: 100% Synthetik|Sohle: 100% Synthetik, Nicht waschen| Nicht bleichen| Kein Trockner| Nicht bügeln| Keine chemische Reinigung,49.95,24.95
Havaianas,Zehentrenner mit DC Comic™-Print,Mittelgrau,27/28|29/30|31/32|33/34|35/36,"Kinder Zehentrenner von havaianas|Strapazierfähiges Material|Riemen mit Logo in Kontrastfarbe|Sohle aus Gummi|DC Comics™-Print|Sohlenhöhe: 1,5 cm|Farbe Mittelgrau|Artikelnummer 9646234",Hauptmaterial 1: 100% Synthetik|Futter 1: 100% Synthetik|Sohle: 100% Gummi,,19.95,19.95
Espadrij,Espadrilles aus Veloursleder,Blau|Sand,28|29|30|31|32|33|34,Kinder Espadrilles von Espadrij l'originale®|Echtes Veloursleder|Abgerundete Spitze|Kontrastnähte|Innensohle aus echtem Leder|Gummisohle mit Besatz in Flechtoptik|Made in Spain|Sohlenhöhe: 1 cm|Farbe Sand|Artikelnummer 9641845,Hauptmaterial 1: 100% Leder|Futter 1: 100% Leder|Sohle: 100% Gummi,,64.95,64.95
Converse,Slip-On Sneaker 'All Star' mit Ösen,Weiß,"32|1|33|1,5|34|2,5|35|3|27|10,5|28|11|29|12|30|12,5|31|13","Kinder Slip-On Sneaker von Converse|Modell All Star|Canvas|Ösen|Vorderkappe aus Gummi|Logo-Stickerei|Gummisohle|Sohlenhöhe: 2,5 cm|Farbe Weiß|Artikelnummer 9600003",Hauptmaterial 1: 100% Textil|Futter 1: 100% Textil|Sohle: 100% Gummi,,44.95,44.95
GIESSWEIN,Hausschuhe aus reiner Baumwolle,Gras Grün,26|27|28|29|30|31|32,"Kinder Hausschuhe von GIESSWEIN|Modell Söll|Reine Baumwolle|Elastischer Riemen|Elastischer Einsatz im Fersenbereich|Kontrastbesatz an der Ferse|Innensohle aus echtem Leder|Flache Profilsohle aus Gummi|Made in Austria|Sohlenhöhe: 0,5 cm|Farbe Gras Grün|Artikelnummer 9643821",Hauptmaterial 1: 100% Baumwolle|Futter 1: 100% Leder|Sohle: 100% Gummi,,34.95,34.95
Aigle,Gummistiefel mit Reflektorstreifen,Rosa,21|22|23,Kinder Gummistiefel von Aigle|Wadenhoher Schaft|Reflektorstreifen auf der Rückseite|Abgerundete Spitze|Gummisohle|Sohlenhöhe: 3 cm|Farbe Rosa|Artikelnummer 9483411,Hauptmaterial 1: 100% Synthetik|Futter 1: 100% Textil|Sohle: 100% Gummi, Nicht waschen| Nicht bleichen| Kein Trockner| Nicht bügeln| Keine chemische Reinigung,26.95,26.95
Havaianas,Zehentrenner mit Riemen in Kontrastfarbe,Marineblau,27/28|29/30|31/32|33/34|35/36,"Kinder Zehentrenner von havaianas|Strapazierfähiges Material|Riemen in Kontrastfarbe mit Logo|Sohle aus Gummi|Sohlenhöhe: 1,5 cm|Farbe Marineblau|Artikelnummer 9646225",Hauptmaterial 1: 100% Synthetik|Futter 1: 100% Synthetik|Sohle: 100% Gummi,,19.95,19.95
Pretty Ballerinas,Ballerinas mit Glitter-Effekt und Zierschleife,Silber|Rosa|Gold,26|27|28|29|30|31|32|33|34,"Kinderballerinas von Pretty Ballerinas|Strapazierfähiges Material|Glitter-Effekt|Abgerundete Spitze|Elastischer Riemen|Zierschleife|Futter aus Leder|Flache Gummisohle|Sohlenhöhe: 0,5 cm|Farbe Rosa|Artikelnummer 9435745",Hauptmaterial 1: 100% Synthetik|Futter 1: 100% Leder|Sohle: 100% Gummi,,99.95,99.95
New Balance,Sneaker '373' mit Klettverschluss,Blau,"21|5|22,5|6|25|8|26|9|27,5|10",Kinder Sneaker von New Balance|Modell 373|Textil in Velourslederoptik|Einsätze aus Mesh|Logo-Prints|Klettverschluss|Gummisohle|Sohlenhöhe: 1 cm|Farbe Blau|Artikelnummer 9582387,Hauptmaterial 1: 100% Textil|Futter 1: 100% Textil|Sohle: 100% Gummi,,49.95,49.95
GIESSWEIN,Hausschuhe mit Giraffen-Aufnäher,Beige,26|27|28|29|30|31|32,Kinder Hausschuhe von GIESSWEIN|Modell Anderlingen|Reine Baumwolle|Elastische Riemen mit Effektgarn|Elastischer Einsatz im Fersenbereich|Giraffen-Aufnäher|Giraffenmuster|Rutschfeste Sohle aus Kautschuk|Made in Austria|Sohlenhöhe: 1 cm|Farbe Beige|Artikelnummer 9643817,Hauptmaterial 1: 100% Baumwolle|Futter 1: 100% Baumwolle|Sohle: 100% Kautschuk,,39.95,39.95
New Balance,Sneaker '574' aus Veloursleder,Hellgrau|Blau,"33|1,5|34,5|2,5|35|3|28|10,5|29|11,5|30|12|31|13|32|13,5","Kinder Sneaker von New Balance|Modell 574|Echtes Veloursleder|Kontrasteinsätze aus Canvas|Logo-Aufnäher|Klettverschluss|Gummisohle|Sohlenhöhe: 1,5 cm|Farbe Blau|Artikelnummer 9582391",Hauptmaterial 1: 100% Leder|Hauptmaterial 2: 100% Textil|Futter 1: 100% Textil|Sohle: 100% Gummi,,64.95,64.95
Converse,Slip-On Sneaker 'All Star' aus Canvas mit Ösen,Blau,"32|1|33|1,5|34|2,5|35|3|36|4|37|4,5|38|5,5|27|10,5|28|11|29|12|30|12,5|31|13",Kinder Slip-On Sneaker von Converse|Modell All Star|Details in Kontrastfarbe|Abgerundete Spitze|Zehenkappe aus Gummi|Ösen|Logo-Stickerei|Gummisohle|Sohlenhöhe: 2 cm|Farbe Blau|Artikelnummer 9600008,Hauptmaterial 1: 100% Textil|Futter 1: 100% Textil|Sohle: 100% Gummi,,44.95,44.95
Havaianas,Zehentrenner mit Riemen in Kontrastfarbe,Pink|Mittelgrau,27/28|29/30|31/32|33/34|35/36,"Kinder Zehentrenner von havaianas|Strapazierfähiges Material|Riemen in Kontrastfarbe mit Logo|Sohle aus Gummi|Sohlenhöhe: 1,5 cm|Farbe Pink|Artikelnummer 9646223",Hauptmaterial 1: 100% Synthetik|Futter 1: 100% Synthetik|Sohle: 100% Gummi,,17.95,17.95
Aigle,Gummistiefel mit Reflektorstreifen,Rot,21|22|23,Kinder Gummistiefel von Aigle|Wadenhoher Schaft|Reflektorstreifen auf der Rückseite|Abgerundete Spitze|Gummisohle|Sohlenhöhe: 3 cm|Farbe Rot|Artikelnummer 9483409,Hauptmaterial 1: 100% Synthetik|Futter 1: 100% Textil|Sohle: 100% Gummi, Nicht waschen| Nicht bleichen| Kein Trockner| Nicht bügeln| Keine chemische Reinigung,26.95,26.95
New Balance,Sneaker '574' aus Veloursleder,Hellgrau|Hellgrau,"36|4|20,5|4,5|21,5|5,5|23|6,5|23,5|7",Kinder Sneaker von New Balance|Modell 574|Echtes Veloursleder|Kontrasteinsätze aus Canvas|Logo-Aufnäher|Schnürverschluss|Profilsohle aus Gummi|Sohlenhöhe: 2 cm|Farbe Hellgrau|Artikelnummer 9582393,Hauptmaterial 1: 100% Leder|Hauptmaterial 2: 100% Textil|Futter 1: 100% Textil|Sohle: 100% Gummi,,69.95,69.95
Espadrij,Espadrilles aus Veloursleder,Rosa|Fuchsia,28|29|30|31|32|33|34,"Kinder Espadrilles von Espadrij l'originale®|Echtes Veloursleder|Abgerundete Spitze |Gummisohle mit Kontrastbesatz in Flechtoptik|Made in Spain|Sohlenhöhe: 1,5 cm|Farbe Fuchsia|Artikelnummer 9641843",Hauptmaterial 1: 100% Veloursleder|Sohle: 100% Gummi,,64.95,64.95
New Balance,Sneaker '574' aus Veloursleder,Hellgrau|Blau,"33|1,5|34,5|2,5|35|3|28|10,5|29|11,5|30|12|31|13|32|13,5","Kinder Sneaker von New Balance|Modell 574|Echtes Veloursleder|Kontrasteinsätze aus Canvas|Logo-Aufnäher|Klettverschluss|Gummisohle|Sohlenhöhe: 1,5 cm|Farbe Hellgrau|Artikelnummer 9582390",Hauptmaterial 1: 100% Leder|Hauptmaterial 2: 100% Textil|Futter 1: 100% Textil|Sohle: 100% Gummi,,64.95,64.95
GIESSWEIN,Hausschuhe aus Baumwolle mit Ziersteinbesatz,Türkis,26|27|28|29|30|31|32,Kinder Hausschuhe von GIESSWEIN|Modell Altenmoor|Reine Baumwolle|Abgerundete Spitze|Elastischer Riemen mit Effektgarn|Elastischer Einsatz im Fersenbereich|Ziersteinbesatz|Rutschfeste Gummisohle|Made in Austria|Sohlenhöhe: 1 cm|Farbe Türkis|Artikelnummer 9643818,Hauptmaterial 1: 100% Baumwolle|Sohle: 100% Gummi,,34.95,34.95
Havaianas,Zehentrenner mit Allover-Muster,Weiß,27/28|29/30|31/32|33/34|35/36,"Kinder Zehentrenner von havaianas|Strapazierfähiges Material|Logo am Riemen|Sohle aus Gummi|Allover-Muster|Sohlenhöhe: 1,5 cm|Farbe Weiß|Artikelnummer 9646226",Hauptmaterial 1: 100% Synthetik|Futter 1: 100% Synthetik|Sohle: 100% Gummi,,19.95,19.95
GIESSWEIN,Hausschuhe aus reiner Baumwolle,Rosa,26|27|28|29|30|31|32,"Kinder Hausschuhe von GIESSWEIN|Modell Söll|Reine Baumwolle|Elastischer Riemen|Elastischer Einsatz im Fersenbereich|Kontrastbesatz im Fersenbereich|Innensohle aus echtem Leder|Flache Profilsohle aus Gummi|Made in Austria|Sohlenhöhe: 0,5 cm|Farbe Rosa|Artikelnummer 9643815",Hauptmaterial 1: 100% Baumwolle|Futter 1: 100% Leder|Sohle: 100% Gummi, Schonwaschgang 30°| Nicht bleichen| Kein Trockner| Nicht bügeln| Keine chemische Reinigung,34.95,34.95
Espadrij,Espadrilles aus Veloursleder,Blau|Sand,28|29|30|31|32|33|34,Kinder Espadrilles von Espadrij l'originale®|Echtes Veloursleder|Abgerundete Spitze|Kontrastnähte|Innensohle aus echtem Leder|Gummisohle mit Besatz in Flechtoptik|Made in Spain|Sohlenhöhe: 1 cm|Farbe Blau|Artikelnummer 9641844,Hauptmaterial 1: 100% Leder|Futter 1: 100% Leder|Sohle: 100% Gummi,,64.95,64.95
Timberland,Lederboots - wasserabweisend und atmungsaktiv,Mittelbraun,"33|1,5|34|2|35|3|31|13|32|13,5",Kinder Lederboots von Timberland|Modell 6-Inch Premium Boot|Echtes Leder|Wasserabweisend und atmungsaktiv|Abgerundete Spitze |Überknöchelhoher Schaft|EVA-Profilsohle |Schnürverschluss|Sohlenhöhe: 3 cm|Farbe Mittelbraun|Artikelnummer 9507082,Hauptmaterial 1: 100% Leder|Sohle: 100% Gummi,,119.95,89.95
GIESSWEIN,Hausschuhe aus Schafwolle mit Applikationen,Beige,26|27|28|29|30|31|32,"Kinder Hausschuhe von GIESSWEIN|Modell Waldeck|Schafwolle|Filz|Niedriger, elastischer Schaft|Abgerundete Spitze|Stickereien und Applikationen|Profilsohle aus Naturkautschuk|Sohlenhöhe: 1 cm|Farbe Beige|Artikelnummer 9629601",Hauptmaterial 1: 100% Schafwolle|Sohle: 100% Gummi, Normalwaschgang 30°| Nicht bleichen| Kein Trockner| Nicht bügeln| Keine chemische Reinigung,ab 49.95 ,39.95
UGG,Boots aus wasserdichtem Leder,Schwarz,31|1|30|13,"Kinder Boots von UGG|Modell Maple|Echtes, wasserdichtes Leder|Abgerundete Spitze |Überknöchelhoher Schaft|Lammfellfutter|EVA-Profilsohle|Schnürverschluss|Logo-Aufnäher|Inklusive Ersatzschnürsenkel in Kontrastfarbe|Sohlenhöhe: 2,5 cm|Farbe Schwarz|Artikelnummer 9550429",Hauptmaterial 1: 100% Leder|Futter 1: 100% Lammfell|Sohle: 100% Gummi,,129.95,99.95
GIESSWEIN,Hausschuhe mit Stickereien,Dunkelblau,26|27|28|29|30|31|32,Kinder Hausschuhe von GIESSWEIN|Modell Abtswind|Reine Baumwolle|Elastischer Riemen|Elastischer Einsatz im Fersenbereich|Rennwagen-Stickereien|Rutschfeste Sohle aus Naturkautschuk|Made in Austria|Sohlenhöhe: 1 cm|Farbe Dunkelblau|Artikelnummer 9643824,Hauptmaterial 1: 100% Baumwolle|Sohle: 100% Kautschuk,,34.95,34.95
Havaianas,Zehentrenner mit Frozen©-Print,Weiß|Rosa,27/28|29/30|31/32|33/34|35/36,Kinder Zehentrenner von havaianas|Strapazierfähiges Material|Riemen mit Glitter-Effekt und Logo-Applikation|Innensohle mit Frozen©-Print|Gummisohle|Sohlenhöhe: 1 cm|Farbe Weiß|Artikelnummer 9646228,Hauptmaterial 1: 100% Synthetik|Sohle: 100% Gummi,,19.95,19.95
GIESSWEIN,Hausschuhe aus Baumwolle mit Punktemuster,Dunkelblau,26|27|28|29|30|31|32,Kinder Hausschuhe von GIESSWEIN|Modell Amsdorf|Reine Baumwolle|Abgerundete Spitze|Elastischer Riemen|Elastischer Einsatz im Fersenbereich|Rutschfeste Sohle aus Naturkautschuk|Punktemuster|Sohlenhöhe: 1 cm|Farbe Dunkelblau|Artikelnummer 9643820,Hauptmaterial 1: 100% Baumwolle|Sohle: 100% Kautschuk,,34.95,34.95
Espadrij,Espadrilles aus Veloursleder,Rosa|Fuchsia,28|29|30|31|32|33|34,"Kinder Espadrilles von Espadrij l'originale®|Echtes Veloursleder|Abgerundete Spitze |Gummisohle mit Kontrastbesatz in Flechtoptik|Made in Spain|Sohlenhöhe: 1,5 cm|Farbe Rosa|Artikelnummer 9641842",Hauptmaterial 1: 100% Veloursleder|Sohle: 100% Gummi,,64.95,64.95
Aigle,Gummistiefel mit Reflektorstreifen,Gelb,21|22|23,"Kinder Gummistiefel von Aigle|Strapazierfähiges Gummi|Textiles Innenfutter |Gummisohle|Hoher Schaft mit Zierstreifen|Seitliche Label-Applikation|Reflektorstreifen an der Ferse|Sohlenhöhe: 1,5 cm|Farbe Gelb|Artikelnummer 9483410",Hauptmaterial 1: 100% Gummi|Futter 1: 100% Textil,,26.95,26.95
Aigle,Gummistiefel mit Reflektorstreifen,Marineblau,21|22|23,Kinder Gummistiefel von Aigle|Wadenhoher Schaft|Reflektorstreifen auf der Rückseite|Abgerundete Spitze|Gummisohle|Sohlenhöhe: 3 cm|Farbe Marineblau|Artikelnummer 9483408,Hauptmaterial 1: 100% Synthetik|Futter 1: 100% Textil|Sohle: 100% Gummi, Nicht waschen| Nicht bleichen| Kein Trockner| Nicht bügeln| Keine chemische Reinigung,26.95,26.95
New Balance,Sneaker '373' mit Klettverschluss,Bordeaux Rot,"21|5|22,5|6|23,5|7|25|8|26|9|27,5|10",Kinder Sneaker von New Balance|Modell 373|Textil in Velourslederoptik|Einsätze aus Mesh|Logo-Details|Klettverschluss|Gummisohle|Sohlenhöhe: 1 cm|Farbe Bordeaux Rot|Artikelnummer 9582383,Hauptmaterial 1: 100% Textil|Futter 1: 100% Textil|Sohle: 100% Gummi,,49.95,49.95
Havaianas,Zehentrenner mit Minions™-Print,Blau,27/28|29/30|31/32|33/34|35/36,Kinder Zehentrenner von havaianas|Strapazierfähiges Material|Riemen mit Logo in Kontrastfarbe|Sohle aus Gummi|Minions™-Print|Sohlenhöhe: 2 cm|Farbe Blau|Artikelnummer 9646235,Hauptmaterial 1: 100% Synthetik|Futter 1: 100% Synthetik|Sohle: 100% Gummi,,19.95,19.95
GIESSWEIN,Hausschuhe aus Baumwolle mit Punktemuster,Dunkelblau,26|27|28|29|30|31|32,Kinder Hausschuhe von GIESSWEIN|Modell Amsdorf|Reine Baumwolle|Abgerundete Spitze|Elastischer Riemen|Elastischer Einsatz im Fersenbereich|Rutschfeste Sohle aus Naturkautschuk|Punktemuster|Sohlenhöhe: 1 cm|Farbe Dunkelblau|Artikelnummer 9643820,Hauptmaterial 1: 100% Baumwolle|Sohle: 100% Kautschuk,,34.95,34.95
Havaianas,Zehentrenner mit Frozen©-Print,Weiß|Rosa,27/28|29/30|31/32|33/34|35/36,Kinder Zehentrenner von havaianas|Strapazierfähiges Material|Riemen mit Glitter-Effekt und Logo-Applikation|Innensohle mit Frozen©-Print|Gummisohle|Sohlenhöhe: 1 cm|Farbe Weiß|Artikelnummer 9646228,Hauptmaterial 1: 100% Synthetik|Sohle: 100% Gummi,,19.95,19.95
UGG,Boots aus wasserdichtem Leder,Schwarz,31|1|30|13,"Kinder Boots von UGG|Modell Maple|Echtes, wasserdichtes Leder|Abgerundete Spitze |Überknöchelhoher Schaft|Lammfellfutter|EVA-Profilsohle|Schnürverschluss|Logo-Aufnäher|Inklusive Ersatzschnürsenkel in Kontrastfarbe|Sohlenhöhe: 2,5 cm|Farbe Schwarz|Artikelnummer 9550429",Hauptmaterial 1: 100% Leder|Futter 1: 100% Lammfell|Sohle: 100% Gummi,,129.95,99.95
GIESSWEIN,Hausschuhe aus Schurwolle ,Dunkelblau,26|27|28|29|30|31|32,Kinder Hausschuhe von GIESSWEIN |Modell Wehr|Reine Schurwolle|Abgerundete Spitze |Profilsohle |Elastischer Einsatz in Kontrastfarbe |Motiv-Stickerei|Sohlenhöhe: 1 cm |Farbe Dunkelblau|Artikelnummer 9629597,Hauptmaterial 1: 100% Schurwolle|Sohle: 100% Kautschuk,,49.95,49.95
Aigle,Gummistiefel mit Reflektorstreifen,Gelb,21|22|23,"Kinder Gummistiefel von Aigle|Strapazierfähiges Gummi|Textiles Innenfutter |Gummisohle|Hoher Schaft mit Zierstreifen|Seitliche Label-Applikation|Reflektorstreifen an der Ferse|Sohlenhöhe: 1,5 cm|Farbe Gelb|Artikelnummer 9483410",Hauptmaterial 1: 100% Gummi|Futter 1: 100% Textil,,26.95,26.95
Converse,Sneaker 'All Star Low' aus Canvas,Dunkelblau,"32|1|33|1,5|34|2,5|35|3|27|10,5|28|11|29|12|30|12,5|31|13",Kinder Sneaker von Converse|Modell All Star Low|Canvas|Zehenkappe aus Gummi|Schnürverschluss|Gummisohle mit Zierstreifen|Sohlenhöhe: 2 cm|Farbe Dunkelblau|Artikelnummer 9600006,Hauptmaterial 1: 100% Textil|Futter 1: 100% Textil|Sohle: 100% Gummi,,42.95,42.95
Pretty Ballerinas,Ballerinas mit Bouclé- und Pailletten-Besatz,Rosé,26|27|28|29|30|31|32|33|34,"Kinderballerinas von Pretty Ballerinas|Abgerundete Lackspitze |Gummizug |Flache Sohle|Bouclé- und Pailletten-Besatz|Schleifen-Detail |Made in Spain|Sohlenhöhe: 0,5 cm|Farbe Rosé|Artikelnummer 9435747",,,99.95,99.95
Converse,Sneaker 'All Star Low' aus Canvas,Mittelgrau,"32|1|33|1,5|34|2,5|35|3|27|10,5|28|11|29|12|30|12,5|31|13",Kinder Sneaker von Converse|Modell All Star Low|Canvas|Zehenkappe aus Gummi|Schnürverschluss|Gummisohle mit Zierstreifen|Sohlenhöhe: 2 cm|Farbe Mittelgrau|Artikelnummer 9600004,Hauptmaterial 1: 100% Textil|Futter 1: 100% Textil|Sohle: 100% Gummi,,42.95,42.95
Espadrij,Espadrilles aus Veloursleder,Rosa|Fuchsia,28|29|30|31|32|33|34,"Kinder Espadrilles von Espadrij l'originale®|Echtes Veloursleder|Abgerundete Spitze |Gummisohle mit Kontrastbesatz in Flechtoptik|Made in Spain|Sohlenhöhe: 1,5 cm|Farbe Rosa|Artikelnummer 9641842",Hauptmaterial 1: 100% Veloursleder|Sohle: 100% Gummi,,64.95,64.95
Pretty Ballerinas,Ballerinas aus Lackleder,Weiß|Dunkelblau|Schwarz|Fuchsia,26|27|28|29|30|31|32|33|34,"Kinderballerinas von Pretty Ballerinas|Lackleder|Modell Hannah|Abgerundete Spitze|Zierschleife|Elastischer Riemen|Sohlenhöhe: 0,5 cm|Farbe Fuchsia|Artikelnummer 9435751",Hauptmaterial 1: 100% Leder|Futter 1: 100% Textil|Sohle: 100% Kunststoff,,99.95,99.95
Havaianas,Zehentrenner mit Riemen in Kontrastfarbe,Pink|Mittelgrau,27/28|29/30|31/32|33/34|35/36,"Kinder Zehentrenner von havaianas|Strapazierfähiges Material|Riemen in Kontrastfarbe mit Logo|Sohle aus Gummi|Sohlenhöhe: 1,5 cm|Farbe Mittelgrau|Artikelnummer 9646224",Hauptmaterial 1: 100% Synthetik|Futter 1: 100% Synthetik|Sohle: 100% Gummi,,17.95,17.95
GIESSWEIN,Hausschuhe aus Baumwolle in Denimoptik,Jeans,26|27|28|29|30|31|32,Kinder Hausschuhe von GIESSWEIN|Modell Affing|Reine Baumwolle|Denimoptik|Abgerundete Spitze|Aufnäher|Elastischer Riemen|Elastischer Einsatz im Fersenbereich|Rutschfeste Sohle aus Naturkautschuk|Made in Austria|Sohlenhöhe: 1 cm|Farbe Jeans|Artikelnummer 9643822,Hauptmaterial 1: 100% Baumwolle|Sohle: 100% Kautschuk,,39.95,39.95
Converse,Sneaker 'All Star Low' aus Canvas,Weiß,"32|1|33|1,5|34|2,5|35|3|27|10,5|28|11|29|12|30|12,5|31|13",Kinder Sneaker von Converse|Modell All Star Low|Canvas|Zehenkappe aus Gummi|Schnürverschluss|Gummisohle mit Zierstreifen|Sohlenhöhe: 2 cm|Farbe Weiß|Artikelnummer 9600002,Hauptmaterial 1: 100% Textil|Futter 1: 100% Textil|Sohle: 100% Gummi,,42.95,42.95
GIESSWEIN,Hausschuhe mit Stickereien,Rosa,26|27|28|29|30|31|32,"Kinder Hausschuhe von GIESSWEIN|Modell Adenbach|Reine Baumwolle|Sohle aus Naturkautschuk|Abgerundete Spitze|Einstieg mit elastischem Bündchen|Gummizug|Meerjungfrau- und Seesternstickerei|Sohlenhöhe: 1,5 cm|Farbe Rosa|Artikelnummer 9643816",Hauptmaterial 1: 100% Baumwolle|Sohle: 100% Kautschuk,,39.95,39.95
Havaianas,Zehentrenner mit Riemen in Kontrastfarbe,Dunkelblau|Rot,27/28|29/30|31/32|33/34|35/36,Kinder Zehentrenner von havaianas|Strapazierfähiges Material|Riemen in Kontrastfarbe|Logo am Riemen |Sohle aus Gummi|Sohlenhöhe: 2 cm|Farbe Rot|Artikelnummer 9646233,Hauptmaterial 1: 100% Synthetik|Futter 1: 100% Synthetik|Sohle: 100% Gummi,,17.95,17.95
GIESSWEIN,Hausschuhe aus Schurwolle,Hellgrau,26|27|28|29|30|31|32,Kinder Hausschuhe von GIESSWEIN|Modell Trebel|Reine Schurwolle|Abgerundete Spitze |Profilsohle|Elastischer Einsatz mit Glitter-Effekt|Motiv-Stickereien mit Kontrastbesatz und Ziersteinen|Sohlenhöhe: 1 cm |Farbe Hellgrau|Artikelnummer 9629599,Hauptmaterial 1: 100% Schurwolle|Sohle: 100% Kautschuk,,ab 39.95 ,34.95
Converse,Sneaker aus Canvas,Marineblau,"32|1|33|1,5|34|2,5|35|3|27|10,5|28|11|29|12|30|12,5|31|13","Kinder Sneaker von Converse|Canvas|Kontrastsohle aus Gummi|Abgerundete Spitze|Gummierte Vorderkappe|Schnürverschluss|Überknöchelhoher Schaft|Ösen|Logo-Badge|Sohlenhöhe: 2,5 cm |US-Größen siehe Größentabelle|Farbe Marineblau|Artikelnummer 9446203",Hauptmaterial 1: 100% Textil|Futter 1: 100% Textil|Sohle: 100% Gummi,,44.95,44.95
GIESSWEIN,Hausschuhe aus Baumwolle mit Dino-Stickereien,Rot,26|27|28|29|30|31|32,Kinder Hausschuhe von GIESSWEIN|Modell Altena|Reine Baumwolle|Abgerundete Spitze|Elastischer Riemen|Elastischer Einsatz im Fersenbereich|Rutschfeste Sohle aus Naturkautschuk|Stickereien|Made in Austria|Sohlenhöhe: 1 cm|Farbe Rot|Artikelnummer 9643823,Hauptmaterial 1: 100% Baumwolle|Sohle: 100% Kautschuk,,34.95,34.95
Pretty Ballerinas,Ballerinas aus Lackleder,Weiß|Dunkelblau|Schwarz|Fuchsia,26|27|28|29|30|31|32|33|34,"Kinderballerinas von Pretty Ballerinas|Lackleder|Modell Hannah|Abgerundete Spitze|Zierschleife|Elastischer Riemen|Sohlenhöhe: 0,5 cm|Farbe Dunkelblau|Artikelnummer 9435749",Hauptmaterial 1: 100% Leder|Futter 1: 100% Textil|Sohle: 100% Kunststoff,,99.95,99.95
Converse,High Top Sneaker aus Canvas,Weiß,"32|1|33|1,5|34|2,5|35|3|27|10,5|28|11|29|12|30|12,5|31|13",Kinder High Top Sneaker von Converse|Canvas|Gummisohle|Abgerundete Spitze mit Vorderkappe|Überknöchelhoher Schaft|Schnürverschluss|Sohlenhöhe: 2 cm|US-Größen siehe Größentabelle|Farbe Weiß|Artikelnummer 9446202,Hauptmaterial 1: 100% Textil|Futter 1: 100% Textil|Sohle: 100% Gummi,,44.95,44.95
Pretty Ballerinas,Ballerinas mit Glitter-Effekt und Zierschleife,Silber|Rosa|Gold,26|27|28|29|30|31|32|33|34,"Kinderballerinas von Pretty Ballerinas|Strapazierfähiges Material|Glitter-Effekt|Abgerundete Spitze|Elastischer Riemen|Zierschleife|Futter aus Leder|Flache Gummisohle|Sohlenhöhe: 0,5 cm|Farbe Gold|Artikelnummer 9435746",Hauptmaterial 1: 100% Synthetik|Futter 1: 100% Leder|Sohle: 100% Gummi,,99.95,99.95
Converse,Sneaker 'All Star Low' aus Canvas,Pink,"32|1|33|1,5|34|2,5|35|3|27|10,5|28|11|29|12|30|12,5|31|13",Kinder Sneaker von Converse|Modell All Star Low|Canvas|Zehenkappe aus Gummi|Schnürverschluss|Gummisohle mit Zierstreifen|Sohlenhöhe: 2 cm|Farbe Pink|Artikelnummer 9600005,Hauptmaterial 1: 100% Textil|Futter 1: 100% Textil|Sohle: 100% Gummi,,42.95,42.95
Pretty Ballerinas,Ballerinas aus Lackleder,Weiß|Dunkelblau|Schwarz|Fuchsia,26|27|28|29|30|31|32|33|34,"Kinderballerinas von Pretty Ballerinas|Lackleder|Modell Hannah|Abgerundete Spitze|Zierschleife|Elastischer Riemen|Sohlenhöhe: 0,5 cm|Farbe Weiß|Artikelnummer 9435748",Hauptmaterial 1: 100% Leder|Futter 1: 100% Textil|Sohle: 100% Kunststoff,,99.95,99.95
NATIVE,Slip-On Sneaker mit eingestanztem Lochmuster,Rosa|Türkis,7|8|9|10|11|12|13,Kinder Slip-On Sneaker von Native|Modell Jefferson|Wasserfestes Material|Abgerundete Spitze|Eingestanztes Lochmuster|Gummisohle|Waschbar|Gummierte Logo-Applikation|Sohlenhöhe: 2 cm|Farbe Rosa|Artikelnummer 9476632,Hauptmaterial 1: 100% Synthetik|Sohle: 100% Synthetik, Nicht waschen| Nicht bleichen| Kein Trockner| Nicht bügeln| Keine chemische Reinigung,39.95,19.95
Pretty Ballerinas,Ballerinas mit Glitter-Effekt und Zierschleife,Silber|Rosa|Gold,26|27|28|29|30|31|32|33|34,"Kinderballerinas von Pretty Ballerinas|Strapazierfähiges Material|Glitter-Effekt|Abgerundete Spitze|Elastischer Riemen|Zierschleife|Futter aus Leder|Flache Gummisohle|Sohlenhöhe: 0,5 cm|Farbe Silber|Artikelnummer 9435744",Hauptmaterial 1: 100% Synthetik|Futter 1: 100% Leder|Sohle: 100% Gummi,,99.95,99.95
SOREL,Boots mit herausnehmbarem Futter - wasserabweisend,Royalblau|Schwarz,"25|8|26|9|27|10|28|11|29|12|30|12,5|31|13","Kinder Boots von SOREL|Modell Children's Flurry|Wasserabweisendes Material|Überknöchelhoher Schaft|Gummizug und Klettverschluss|Profilsohle aus Gummi|Kontraststreifen und Logo-Stickerei|Herausnehmbares Futter aus Filz|Sohlenhöhe: 4,5 cm|Schafthöhe: 16 cm|Schaftweite: 35 cm|Farbe Royalblau|Artikelnummer 9495275",Hauptmaterial 1: 100% Textil|Hauptmaterial 2: 100% Synthetik|Futter 1: 100% Textil|Sohle: 100% Gummi, Nicht waschen| Nicht bleichen| Kein Trockner| Nicht bügeln| Keine chemische Reinigung,54.95,39.95
New Balance,Sneaker '410' mit Klettverschluss,Olivgrün,"21|5|22,5|6|23,5|7|25|8|26|9|27,5|10",Kinder Sneaker von New Balance|Modell 410|Textil in Velourslederoptik|Kontrasteinsätze aus strapazierfähigem Material|Logo-Aufnäher|Klettverschluss|Gummisohle|Sohlenhöhe: 1 cm|Farbe Olivgrün|Artikelnummer 9582389,Hauptmaterial 1: 100% Textil|Futter 1: 100% Textil|Sohle: 100% Gummi,,49.95,49.95
Havaianas,Zehentrenner mit floralem Muster,Pink,27/28|29/30|31/32|33/34|35/36,Kinder Zehentrenner von havaianas|Strapazierfähiges Material|Riemen mit Glitter-Effekt|Verstellbarer Fersenriemen|T-Riemen mit Logo|Sohle aus Gummi|Florales Muster|Sohlenhöhe: 2 cm|Farbe Pink|Artikelnummer 9646231,Hauptmaterial 1: 100% Synthetik|Futter 1: 100% Synthetik|Sohle: 100% Gummi,,21.95,21.95
UGG,Boots aus Leder mit Lammfellfutter,Dunkelblau,"31|1|32|2|33|3|20,5|4|30|13",Kinder Boots von UGG Australia|Modell Classic|Echtes Glattleder |Futter aus Lammfell|Abgerundete Spitze |EVA-Profilsohle |Logo-Applikation|Sohlenhöhe: 2 cm|Farbe Dunkelblau|Artikelnummer 9550428,Hauptmaterial 1: 100% Leder|Futter 1: 100% Lammfell|Sohle: 100% Synthetik,,169.95,119.95
Havaianas,Zehentrenner mit Riemen in Kontrastfarbe,Dunkelblau|Rot,27/28|29/30|31/32|33/34|35/36,Kinder Zehentrenner von havaianas|Strapazierfähiges Material|Riemen in Kontrastfarbe|Logo am Riemen |Sohle aus Gummi|Sohlenhöhe: 2 cm|Farbe Dunkelblau|Artikelnummer 9646232,Hauptmaterial 1: 100% Synthetik|Futter 1: 100% Synthetik|Sohle: 100% Gummi,,17.95,17.95
Timberland,Lederboots mit gepolstertem Fußbett,Dunkelbraun,"33|1,5|34|2|35|3|31|13|32|13,5","Kinder Boots von Timberland|Modell Killington 6-Inch|Echtes Leder|Gepolstertes OrthoLite®-PU-Fußbett|Schnürverschluss|Reißverschluss mit Klettverschlussriegel|Profilsohle aus Gummi in Kontrastfarbe|Sohlenhöhe: 2,5 cm|Farbe Dunkelbraun|Artikelnummer 9507081",Hauptmaterial 1: 100% Leder|Sohle: 100% Gummi,,84.95,64.95
Havaianas,Zehentrenner mit Leopardenmuster,Beige,27/28|29/30|31/32|33/34|35/36,Kinder Zehentrenner von havaianas|Strapazierfähiges Material|Riemen in Neonfarbe mit Logo-Applikation|Innensohle mit Leopardenmuster|Gummisohle |Sohlenhöhe: 1 cm|Farbe Beige|Artikelnummer 9646227,Hauptmaterial 1: 100% Synthetik|Sohle: 100% Gummi,,19.95,19.95
Timberland,Lederboots mit PrimaLoft®-Isolierung,Hellbraun,"33|1,5|34|2|35|3|31|13|32|13,5","Kinder Lederboots von Timberland|Modell Icon |Echtes Nubukleder|PrimaLoft®-Isolierung |Wasserfest und atmungsaktiv|Schnürverschluss|Einsatz in Kontrastfarbe|Profilsohle aus Gummi|Sohlenhöhe: 2,5 cm |Farbe Hellbraun|Artikelnummer 9507083",Hauptmaterial 1: 100% Leder|Sohle: 100% Gummi,,119.95,89.95
Converse,High Top Sneaker aus Canvas,Schwarz,"32|1|33|1,5|34|2,5|35|3|27|10,5|28|11|29|12|30|12,5|31|13","Kinder High Top Sneaker von Converse|Canvas|Kontrastsohle aus Gummi|Gummierte Vorderkappe|Schnürverschluss|Ösen|Logo-Badge|Sohlenhöhe: 2,5 cm |US-Größen siehe Größentabelle |Farbe Schwarz|Artikelnummer 9446205",Hauptmaterial 1: 100% Textil|Futter 1: 100% Textil|Sohle: 100% Gummi,,44.95,44.95
Birkenstock,Pantolette mit verstellbaren Riemen,Schwarz,26|27|28|29|30|31|32|33|34,"Kinder Pantolette von Birkenstock|Birko-Flor|Zwei verstellbare Riemen|Innensohle aus echtem Leder|Ergonomisches Fußbett aus Naturkork|Profilsohle|Made in Germany|Sohlenhöhe: 2,5 cm|Farbe Schwarz|Artikelnummer 9489019",Hauptmaterial 1: 100% Birko-Flor|Futter 1: 100% Leder|Futter 2: 100% Kork|Sohle: 100% Ethylenvinylacetat,,54.95,39.95
Timberland,Lederboots mit gepolstertem Fußbett,Mittelbraun,23|24|25|26|27|28|29|30,Kinder Lederboots von Timberland|Modell Pokey Pine Chukka|Echtes Leder|Gepolstertes OrthoLite®-PU-Fußbett|Abgerundete Spitze|Reißverschluss an der Innenseite |Profilsohle|Sohlenhöhe: 1 cm|Farbe Mittelbraun|Artikelnummer 9507088,Hauptmaterial 1: 100% Leder|Sohle: 100% Gummi,,74.95,59.95
Aigle,Gummistiefel mit verstellbarem Riegel,Gelb,35|36|37|38,Kinder Gummistiefel von Aigle|Gummi|Gummisohle|Abgerundete Spitze|Wadenhoch|Verstellbarer Riegel am Schaft|Sohlenhöhe: 2 cm|Schafthöhe: 25 cm|Schaftweite: 33 cm|Farbe Gelb|Artikelnummer 9483413,Hauptmaterial 1: 100% Gummi|Futter 1: 100% Textil|Sohle: 100% Gummi,,41.95,41.95
Timberland,Lederboots mit Splash Blaster™-Technologie,Dunkelbraun,23|24|25|26|27|28|29|30,Kinder Lederboots von Timberland|Modell Pokey Pine|Echtes Leder|Wasser- und schmutzabweisend durch Splash Blaster™|OrthoLite®-PU-Fußbett |Abgerundete Spitze|Überknöchelhoher Schaft|Schnürverschluss|Reißverschluss an der Innenseite|Profilsohle aus Gummi|Sohlenhöhe: 1 cm|Farbe Dunkelbraun|Artikelnummer 9507087,Hauptmaterial 1: 100% Leder|Sohle: 100% Gummi,,74.95,59.95
Converse,High Top Sneaker aus Canvas,Weiß,23|7|24|8|25|9|26|10,Kinder High Top Sneaker von Converse|Canvas|Gummisohle mit Kontrastdetails|Gummierte Vorderkappe|Schnürverschluss|Logo-Badge|US-Größen siehe Größentabelle|Sohlenhöhe: 2 cm |Farbe Weiß|Artikelnummer 9446188,Hauptmaterial 1: 100% Textil|Futter 1: 100% Textil|Sohle: 100% Gummi,,44.95,44.95
SOREL,Boots mit herausnehmbarem Filz-Innenstiefel,Schwarz|Marineblau,"32|1|33|2|34|3|35|4|36|4,5|37|5|38|6|39|7","Kinder Boots von SOREL|Modell Yoot Pac|Wasserfestes Material|Überknöchelhoher Schaft |Schnürverschluss|Abgerundete Spitze|Profilsohle aus Gummi|Herausnehmbarer Filz-Innenstiefel mit Teddyfellbesatz|Logo-Print|Sohlenhöhe: 3,5 cm|Schafthöhe: 21 cm|Schaftweite: 35 cm|Farbe Marineblau|Artikelnummer 9495278",Hauptmaterial 1: 100% Textil|Futter 1: 100% Textil|Sohle: 100% Gummi, Nicht waschen| Nicht bleichen| Kein Trockner| Nicht bügeln| Keine chemische Reinigung,74.95,49.95
New Balance,Sneaker '420' aus Veloursleder,Mittelgrau,"33|1,5|34,5|2,5|35|3|28|10,5|29|11,5|30|12|31|13|32|13,5",Kinder Sneaker von New Balance|Modell 420|Echtes Veloursleder mit Mesheinsätzen|Abgerundete Spitze|Zwei Klettverschlüsse|Logo-Applikationen|Details in Kontrastfarbe|Gummisohle|Sohlenhöhe: 1 cm|Farbe Mittelgrau|Artikelnummer 9582384,Hauptmaterial 1: 100% Veloursleder|Hauptmaterial 2: 100% Textil|Sohle: 100% Gummi,,59.95,59.95
SOREL,Boots aus echtem Veloursleder - wasserdicht,Mittelbraun,"32|1|33|2|34|3|35|4|36|4,5|37|5|38|6|39|7",Kinder Boots von SOREL|Modell Youth Rylee|Echtes Veloursleder und Textil - wasserdicht|Überknöchelhoher Schaft|Gesteppter Kontrasteinsatz|Abgerundete Spitze|Elastischer Riemen|Gummisohle|Weiches Futter|Sohlenhöhe: 3 cm|Schafthöhe: 18 cm|Schaftweite: 32 cm|Farbe Mittelbraun|Artikelnummer 9495267,Hauptmaterial 1: 100% Leder|Hauptmaterial 2: 100% Textil|Futter 1: 100% Textil|Sohle: 100% Gummi, Nicht waschen| Nicht bleichen| Kein Trockner| Nicht bügeln| Keine chemische Reinigung,84.95,44.95
Aigle,Gummistiefel mit Zierstreifen,Marineblau,24|25|26|27|28|29|30|31|32|33|34|35|36|37|38,Kinder Gummistiefel von Aigle|Mattes Gummi|Zierstreifen|Logo|Wadenhoher Schaft|Textilfutter|Gummisohle|Reflektor an der Ferse|Sohlenhöhe: 2 cm|Schafthöhe: 22 cm|Schaftbreite: 30 cm|Farbe Marineblau|Artikelnummer 9483405,Hauptmaterial 1: 100% Gummi|Futter 1: 100% Textil|Sohle: 100% Gummi,,32.95,32.95
NATIVE,Slip-On Sneaker mit eingestanztem Lochmuster,Rosa|Türkis,7|8|9|10|11|12|13,Kinder Slip-On Sneaker von Native|Modell Jefferson|Wasserfestes Material|Abgerundete Spitze|Eingestanztes Lochmuster|Gummisohle|Waschbar|Gummierte Logo-Applikation|Sohlenhöhe: 2 cm|Farbe Türkis|Artikelnummer 9476633,Hauptmaterial 1: 100% Synthetik|Sohle: 100% Synthetik, Nicht waschen| Nicht bleichen| Kein Trockner| Nicht bügeln| Keine chemische Reinigung,39.95,19.95
Aigle,Gummistiefel mit Zierstreifen,Gelb,24|25|26|27|28|29|30|31|32|33|34|35|36|37|38,Kinder Gummistiefel von Aigle|Mattes Gummi|Modell Lolly Pop|Innenseite aus Textil|Zierstreifen|Logo|Gummisohle|Wadenhoher Schaft|Reflektor an der Ferse|Sohlenhöhe: 2 cm|Schafthöhe: 22 cm|Schaftweite: 30 cm|Farbe Gelb|Artikelnummer 9483406,Hauptmaterial 1: 100% Gummi|Futter 1: 100% Textil|Sohle: 100% Gummi,,32.95,32.95
SOREL,Boots mit herausnehmbarem Filz-Innenstiefel,Pink,32|1|33|2|34|3|35|4|37|5|38|6|39|7,"Kinder Boots von SOREL|Modell Yoot Pac|Wasserfestes Material|Überknöchelhoher Schaft|Schnürverschluss|Abgerundete Spitze|Profilsohle aus Gummi|Logo-Print|Herausnehmbarer Filz-Innenstiefel|Sohlenhöhe: 3,5 cm|Schafthöhe: 22 cm|Schaftweite: 35 cm|Farbe Pink|Artikelnummer 9495269",Hauptmaterial 1: 100% Textil|Futter 1: 100% Textil|Sohle: 100% Gummi, Nicht waschen| Nicht bleichen| Kein Trockner| Nicht bügeln| Keine chemische Reinigung,74.95,39.95
SOREL,Boots mit Filzeinlage,Blau,"25|8|26|9|27|10|28|11|29|12|30|12,5|31|13","Kinder Boots von SOREL|Modell Children's Flurry|Strapazierfähiges, winddichtes Material |Abgerundete Spitze |Breite Profilsohle |Überknöchelhoher Schaft|Tunnelzug am Schaft|Elastischer Riemen mit Klettverschluss|Filzeinlage |Sohlenhöhe: 3 cm|Farbe Blau|Artikelnummer 9495268",Hauptmaterial 1: 100% Synthetik|Sohle: 100% Synthetik,,54.95,29.95
UGG,Boots aus echtem Veloursleder,Mittelgrau|Schokobraun,"22,5|6|23,5|7|25|8|26|9|27|10|28|11|29|12",Kinder Boots von Ugg Australia|Echtes Veloursleder|Überknöchelhoher Schaft|Futter aus Fake Fur|Logo-Aufnäher|Gummisohle|Sohlenhöhe: 2 cm|Farbe Mittelgrau|Artikelnummer 9550417,Hauptmaterial 1: 100% Leder|Futter 1: 100% Textil|Sohle: 100% Gummi,,129.95,129.95
GIESSWEIN,Hausschuhe aus Schurwolle,Dunkelgrau,26|27|28|29|30|31|32,Kinder Hausschuhe von GIESSWEIN|Modell Triglitz|Reine Schurwolle|Abgerundete Spitze |Elastischer Einsatz |Profilsohle |Dino-Stickerei|Sohlenhöhe: 1 cm|Farbe Dunkelgrau|Artikelnummer 9629596,Hauptmaterial 1: 100% Schurwolle|Sohle: 100% Kautschuk,,ab 34.95 ,29.95
NATIVE,Slip-On Sneaker mit leuchtender Sohle,Blau|Orange,7|8|9|10|11|12|13,"Kinder Slip-On Sneaker von Native|Modell Jefferson Glow|Wasserfestes Material|Abgerundete Spitze|Eingestanztes Lochmuster|Gummisohle (leuchtet im Dunklen)|Waschbar|Gummierte Logo-Applikation|Sohlenhöhe: 1,5 cm|Farbe Blau|Artikelnummer 9476630",Hauptmaterial 1: 100% Synthetik|Sohle: 100% Synthetik, Nicht waschen| Nicht bleichen| Kein Trockner| Nicht bügeln| Keine chemische Reinigung,49.95,24.95
Toms,Slip-On Sneaker aus Canvas,Dunkelgrau,"32,5|1|33|1,5|34|2|34,5|2,5|35|3|35,5|3,5|36|4|36,5|4,5|37,5|5|38|5,5|22|6|30|12|30,5|12,5|31|13|31,5|13,5","Kinder Slip-On Sneaker von Toms|Reine Baumwolle|Modell Youth Classic|Canvas|Elastischer Einsatz|Teilungsnaht|Logo-Fähnchen und -Aufnäher|Kontrastsohle|Sohlenhöhe: 1,2 cm|Farbe Dunkelgrau|Artikelnummer 9446980",Hauptmaterial 1: 100% Baumwolle|Futter 1: 100% Textil|Futter 2: 100% Leder|Sohle: 100% Kunststoff,,34.95,21.95
Birkenstock,Pantolette aus Leder,Dunkelblau,26|27|28|29|30|31|32|33|34,Kinder Pantolette von Birkenstock|Normale bis schmale Passform|Obermaterial aus Leder|Verstellbare Riemen|Fußbett aus Naturkork|Kontrastsohle|Sohlenhöhe: 3 cm|Farbe Dunkelblau|Artikelnummer 9489018,Hauptmaterial 1: 100% Leder|Futter 1: 100% Kork|Besatz 1: 100% Birko-Flor|Sohle: 100% Ethylenvinylacetat, Nicht waschen| Nicht bleichen| Nicht bügeln| Keine chemische Reinigung,54.95,39.95
SOREL,Boots aus echtem Veloursleder - wasserdicht,Schwarz,"32|1|33|2|34|3|35|4|36|4,5|37|5|38|6|39|7",Kinder Boots von SOREL|Modell Youth Rylee|Echtes Veloursleder und Textil - wasserdicht|Überknöchelhoher Schaft|Abgerundete Spitze|Elastischer Riemen|Gummisohle|Weiches Futter|Sohlenhöhe: 3 cm|Schafthöhe: 18 cm|Schaftweite: 32 cm|Farbe Schwarz|Artikelnummer 9495266,Hauptmaterial 1: 100% Synthetik|Hauptmaterial 2: 100% Leder|Futter 1: 100% Textil|Sohle: 100% Gummi, Nicht waschen| Nicht bleichen| Kein Trockner| Nicht bügeln| Keine chemische Reinigung,84.95,44.95
Timberland,Lederboots mit PrimaLoft®-Isolierung,Mittelbraun,"36|4|37|4,5|5,5|5,5|6|6|7|7","Kinder Lederboots von Timberland|Modell Darwin 8|Echtes Leder|PrimaLoft®-Isolierung|Wasserabweisendes, wärmendes Material|Atmungsaktiv|Überknöchelhoher Schaft|Abgerundete Spitze|Schnürverschluss|Profilsohle aus Gummi|Kontrastbesatz|Sohlenhöhe: 3,5 cm |Farbe Mittelbraun|Artikelnummer 9507084",Hauptmaterial 1: 100% Leder|Hauptmaterial 2: 100% Textil|Futter 1: 100% Textil|Sohle: 100% Gummi, Nicht waschen| Nicht bleichen| Kein Trockner| Nicht bügeln| Keine chemische Reinigung,139.95,139.95
UGG,Boots aus Veloursleder mit Futter aus Wolle,Mittelgrau|Mittelbraun,"31|1|32|2|33|3|20,5|4|30|13","Kinder Boots von Ugg Australia|Echtes Veloursleder|Futter aus Wolle|Ziernähte |Sohle aus Gummi|Logo-Aufnäher an der Ferse|Sohlenhöhe: 2,5 cm|Farbe Mittelbraun|Artikelnummer 9550427",Hauptmaterial 1: 100% Veloursleder|Futter 1: 100% Wolle|Sohle: 100% Gummi,,149.95,89.95
Havaianas,Zehentrenner mit verstellbarem Fersenriemen,Blau,27/28|29/30|31/32|33/34|35/36,"Kinder Zehentrenner von havaianas|Strapazierfähiges Material|Verstellbarer Fersenriemen|T-Riemen mit Stern-Applikation|Sohle aus Gummi|Sohlenhöhe: 1,5 cm|Farbe Blau|Artikelnummer 9646230",Hauptmaterial 1: 100% Synthetik|Futter 1: 100% Synthetik|Sohle: 100% Gummi,,21.95,21.95
Toms,Slip-On Sneaker aus Canvas,Rot,"32,5|1|33|1,5|34|2|34,5|2,5|35|3|35,5|3,5|36|4|36,5|4,5|37,5|5|38|5,5|22|6|30|12|30,5|12,5|31|13|31,5|13,5",Kinder Slip-On Sneaker von Toms|Canvas|Abgerundete Spitze|Elastischer Einsatz|Umlaufende Schnürung in Lederoptik|Textiles Innenfutter und Innensohle|Gummisohle|Streifenmuster|Label-Patch|Sohlenhöhe: 2 cm|Farbe Rot|Artikelnummer 9446976,"Hauptmaterial 1: 100% Textil|Futter 1: 100% Textil, 100% Textil|Sohle: 100% Textil, 100% Gummi", Nicht waschen| Nicht bleichen| Kein Trockner| Nicht bügeln| Keine chemische Reinigung,39.95,24.95
Timberland,Lederboots mit gepolstertem Fußbett,Beige,"33|1,5|34|2|35|3|31|13|32|13,5","Kinder Lederboots von Timberland|Modell Killington 6-Inch|Echtes Leder|OrthoLite®-PU-Fußbett|Abgerundete Spitze|Schnürverschluss|Reißverschluss mit Klettverschlussriegel|Profilsohle mit SensorFlex™-Technologie|Sohlenhöhe: 2,5 cm|Farbe Beige|Artikelnummer 9507080",Hauptmaterial 1: 100% Leder|Sohle: 100% Gummi,,84.95,64.95
GIESSWEIN,Hausschuhe aus Wollfilz,Dunkelblau,26|27|28|29|30|31|32,"Kinder Hausschuhe von GIESSWEIN|Modell Trulben|Wollfilz |Elastischer Einstieg|Feuerwehr-Stickerei|Profilsohle aus Gummi |Sohlenhöhe: 0,5 cm |Farbe Dunkelblau|Artikelnummer 9629595",Hauptmaterial 1: 100% Wolle|Sohle: 100% Gummi,,39.95,29.95
NATIVE,Slip-On Sneaker mit eingestanztem Lochmuster,Mittelgrau|Rot,23|7|24|8|25|9|27|10|28|11|29|12|30|13,"Kinder Slip-On Sneaker von Native|Modell Jefferson|Wasserfestes Material|Abgerundete Spitze|Eingestanztes Lochmuster|Gummisohle|Waschbar|Gummierte Logo-Applikation|Sohlenhöhe: 1,5 cm|Farbe Mittelgrau|Artikelnummer 9477121",Hauptmaterial 1: 100% Synthetik|Sohle: 100% Synthetik, Nicht waschen| Nicht bleichen| Kein Trockner| Nicht bügeln| Keine chemische Reinigung,39.95,19.95
Converse,High Top Sneaker aus Canvas,Rot,"32|1|33|1,5|34|2,5|35|3|27|10,5|28|11|29|12|30|12,5|31|13","Kinder High Top Sneaker von Converse|Canvas|Kontrastsohle aus Gummi|Gummierte Vorderkappe|Schnürverschluss|Ösen|Logo-Badge|Sohlenhöhe: 2,5 cm |US-Größen siehe Größentabelle|Farbe Rot|Artikelnummer 9446204",Hauptmaterial 1: 100% Textil|Futter 1: 100% Textil|Sohle: 100% Gummi,,44.95,44.95
Toms,Slip-On Sneaker aus Canvas,Schwarz,"32,5|1|33|1,5|34|2|34,5|2,5|35|3|35,5|3,5|36|4|36,5|4,5|37,5|5|22|6|30|12|30,5|12,5|31|13|31,5|13,5","Kinder Slip-On Sneaker von Toms|Canvas|Abgerundete Spitze|Elastischer Einsatz|Innensohle aus echtem Leder|Gummisohle|Label-Patch|Sohlenhöhe: 1,5 cm|Farbe Schwarz|Artikelnummer 9446979","Hauptmaterial 1: 100% Textil|Futter 1: 100% Textil|Futter 2: 100% Leder|Sohle: 100% Gummi, 100% Textil", Nicht waschen| Nicht bleichen| Kein Trockner| Nicht bügeln| Keine chemische Reinigung,34.95,21.95
UGG,Boots aus Veloursleder mit Lammfellfutter,Flieder|Mittelbraun|Mittelgrau,"22,5|6|25|8|26|9|27|10|28|11|29|12",Kinder Boots von UGG|Modell Bailey Bow|Echtes Veloursleder|Abgerundete Spitze|Überknöchelhoher Schaft|Lammfellfutter|EVA-Profilsohle|Fixierte Zierschleifen am Schaft|Logo-Aufnäher|Sohlenhöhe: 2 cm|Farbe Flieder|Artikelnummer 9550414,Hauptmaterial 1: 100% Veloursleder|Futter 1: 100% Lammfell|Sohle: 100% Gummi,,149.95,149.95
SOREL,Boots mit herausnehmbarem Filz-Innenstiefel,Schwarz|Marineblau,"32|1|33|2|34|3|35|4|36|4,5|37|5|38|6|39|7","Kinder Boots von SOREL|Modell Yoot Pac|Wasserfestes Material|Überknöchelhoher Schaft |Schnürverschluss|Abgerundete Spitze|Profilsohle aus Gummi|Herausnehmbarer Filz-Innenstiefel mit Teddyfellbesatz|Logo-Print|Sohlenhöhe: 3,5 cm|Schafthöhe: 21 cm|Schaftweite: 35 cm|Farbe Schwarz|Artikelnummer 9495277",Hauptmaterial 1: 100% Textil|Futter 1: 100% Textil|Sohle: 100% Gummi, Nicht waschen| Nicht bleichen| Kein Trockner| Nicht bügeln| Keine chemische Reinigung,74.95,49.95
UGG,Boots aus Veloursleder mit Teddyfutter,Schwarz,"22,5|6|23,5|7|25|8|26|9|27|10|28|11|29|12","Kinder Boots von Ugg Australia|Modell Rye|Echtes Veloursleder|Teddyfutter|Sohle aus Gummi|Reißverschluss an der Innenseite |Logo-Aufnäher an der Ferse|Ziernähte an der Ferse|Sohlenhöhe: 1,5 cm |Farbe Schwarz|Artikelnummer 9550413",Hauptmaterial 1: 100% Veloursleder|Futter 1: 100% Textil|Sohle: 100% Gummi,,69.95,69.95
Toms,Slip-On Sneaker mit floraler Häkelspitze,Aqua Blau,"22|6|23,5|7|24,5|8|26|9|27|10|28,5|11",Kinder Slip-On Sneaker von Toms|Florale Häkelspitze|Elastischer Einsatz|Klettverschluss|Gummisohle|Glitter-Effekt|Label-Patch und Label-Fähnchen|Sohlenhöhe: 1 cm|Farbe Aqua Blau|Artikelnummer 9446987,"Hauptmaterial 1: 100% Textil|Futter 1: 100% Textil|Sohle: 100% Textil, 100% Gummi", Nicht waschen| Nicht bleichen| Kein Trockner| Nicht bügeln| Keine chemische Reinigung,35.95,21.95
UGG,Boots aus echtem Veloursleder,Mittelgrau|Schokobraun,"22,5|6|23,5|7|25|8|26|9|27|10|28|11|29|12",Kinder Boots von Ugg Australia|Echtes Veloursleder|Überknöchelhoher Schaft|Futter aus Fake Fur|Logo-Aufnäher|Gummisohle|Sohlenhöhe: 2 cm|Farbe Schokobraun|Artikelnummer 9550418,Hauptmaterial 1: 100% Leder|Futter 1: 100% Textil|Sohle: 100% Gummi,,129.95,79.95
Toms,Slip-On Sneaker mit Klettverschluss,Rot,"22|6|23,5|7|24,5|8|26|9|27|10|28,5|11",Kinder Slip-On Sneaker von Toms|Canvas|Modell Tiny Classic|Lasche mit elastischem Einsatz|Klettverschluss|Logo-Aufnäher an der Ferse|Kontrastsohle|Sohlenhöhe: 1 cm|Farbe Rot|Artikelnummer 9446982,,,32.95,21.95
UGG,Boots aus Veloursleder mit Lammfellfutter,Flieder|Mittelbraun|Mittelgrau,"22,5|6|23,5|7|25|8|26|9|27|10|28|11|29|12",Kinder Boots von UGG|Modell Bailey Bow|Echtes Veloursleder|Abgerundete Spitze|Überknöchelhoher Schaft|Lammfellfutter|EVA-Profilsohle|Fixierte Zierschleifen am Schaft|Logo-Aufnäher|Sohlenhöhe: 2 cm|Farbe Mittelgrau|Artikelnummer 9550416,Hauptmaterial 1: 100% Veloursleder|Futter 1: 100% Lammfell|Sohle: 100% Gummi,,149.95,89.95
NATIVE,Slip-On Sneaker mit eingestanztem Lochmuster,Dunkelblau,23|7|24|8|25|9|27|10|28|11|29|12|30|13,Kinder Slip-On Sneaker von Native|Modell Jefferson|Wasserfestes Material|Abgerundete Spitze |Eingestanztes Lochmuster|Gummisohle|Waschbar|Gummierte Logo-Applikation|Sohlenhöhe: 2 cm|Farbe Dunkelblau|Artikelnummer 9477122,Hauptmaterial 1: 100% Synthetik|Sohle: 100% Synthetik, Nicht waschen| Nicht bleichen| Kein Trockner| Nicht bügeln| Keine chemische Reinigung,44.95,22.95
Aigle,Chelsea Boots mit Gummisohle,Dunkelbraun,28|29|30|31|32|33|34,Kinder Chelsea Boots von Aigle|Strapazierfähiges Material|Gummisohle|Abgerundete Spitze|Überknöchelhoher Schaft|Elastischer Einsatz am Schaft|Sohlenhöhe: 2 cm|Farbe Dunkelbraun|Artikelnummer 9483414,,,79.95,59.95
NATIVE,Slip-On Sneaker mit eingestanztem Lochmuster,Mittelgrau,23|7|24|8|25|9|27|10|28|11|29|12|30|13,Kinder Slip-On Sneaker von Native|Modell Jefferson|Wasserfestes Material|Abgerundete Spitze|Eingestanztes Lochmuster|Gummisohle|Waschbar|Gummierte Logo-Applikation|Sohlenhöhe: 2 cm|Farbe Mittelgrau|Artikelnummer 9489707,Hauptmaterial 1: 100% Synthetik|Sohle: 100% Synthetik, Nicht waschen| Nicht bleichen| Kein Trockner| Nicht bügeln| Keine chemische Reinigung,39.95,19.95
Timberland,Lederboots mit PrimaLoft®-Isolierung,Hellbraun,"36|4|37|4,5|5,5|5,5|6|6|7|7",Kinder Lederboots von Timberland|Modell Icon|Echtes Nubukleder|PrimaLoft®-Isolierung|Schnürverschluss|Einsatz in Kontrastfarbe|Profilsohle aus Gummi|Sohlenhöhe: 3 cm |Farbe Hellbraun|Artikelnummer 9507085,Hauptmaterial 1: 100% Leder|Sohle: 100% Gummi,,139.95,139.95
Toms,Slip-On Sneaker mit Häkelspitze,Koralle,"32,5|1|33|1,5|34|2|34,5|2,5|35|3|35,5|3,5|36|4|36,5|4,5|37,5|5|38|5,5|22|6|30|12|30,5|12,5|31|13|31,5|13,5",Kinder Slip-On Sneaker von Toms|Modell Classic|Canvas mit Glitter-Effekt|Besatz aus Häkelspitze|Gummisohle|Leicht gepolsterte Innensohle|Abgerundete Spitze|Elastischer Einsatz|Logo-Badges|Sohlenhöhe: 1 cm |Farbe Koralle|Artikelnummer 9446985,,,37.95,22.95
UGG,Boots aus Veloursleder mit Futter aus Wolle,Cognac ,"22,5|6|23,5|7|25|8|26|9|27|10","Kinder Boots von Ugg Australia|Echtes Veloursleder|Futter aus Wolle |Überknöchelhoher Schaft|Sohle aus Gummi|Reißverschluss an der Innenseite |Logo-Aufnäher an der Ferse|Sohlenhöhe: 1,5 cm|Farbe Cognac |Artikelnummer 9550412",Hauptmaterial 1: 100% Veloursleder|Futter 1: 100% Wolle|Sohle: 100% Gummi,,79.95,79.95
Timberland,Lederboots mit gepolstertem Fußbett,Dunkelbraun,"36|4|37|4,5|5,5|5,5|6|6|7|7",Kinder Lederboots von Timberland|Modell Darwin 8|Echtes Leder und Textil|Überknöchelhoher Schaft|Abgerundete Spitze|Elastischer Einsatz|Seitlicher Reißverschluss mit Klettverschlussriegel|Gepolstertes OrthoLite®-PU-Fußbett|Profilsohle aus Gummi|Rahmennähte|Gefüttert|Sohlenhöhe: 3 cm|Farbe Dunkelbraun|Artikelnummer 9507078,Hauptmaterial 1: 100% Leder|Hauptmaterial 2: 100% Textil|Futter 1: 100% Textil|Sohle: 100% Gummi, Nicht waschen| Nicht bleichen| Kein Trockner| Nicht bügeln| Keine chemische Reinigung,79.95,59.95
New Balance,Sneaker aus Veloursleder mit Klettverschluss,Schwarz,"33|1,5|28|10,5|29|11,5|30|12|31|13|32|13,5","Kinder Sneaker von New Balance|Modell 420|Veloursleder mit Details aus Textil|Doppelter Klettverschluss|Profilsohle aus Gummi|Logo-Details|Sohlenhöhe: 1,5 cm|Farbe Schwarz|Artikelnummer 9507071","Hauptmaterial 1: 50% Veloursleder, 50% Textil|Sohle: 100% Gummi",,59.95,39.95
Aigle,Chelsea Boots aus Leder mit elastischen Einsätzen,Schwarz,28|29|30|31|32|33|34,Kinder Chelsea Boots von Aigle|Echtes Leder|Modell Shetland|Elastische Einsätze|Abgerundete Spitze|Knöchelhoher Schaft|Gummisohle|Sohlenhöhe: 2 cm|Farbe Schwarz|Artikelnummer 9483415,"Hauptmaterial 1: 100% Leder|Futter 1: 50% Leder, 50% Textil|Sohle: 100% Gummi",,79.95,59.95
New Balance,Sneaker mit Klettverschluss,Olivgrün,"21|5|22,5|6|23,5|7|25|8|26|9|27,5|10","Kinder Sneaker von New Balance|Textil|Klettverschluss|Logo- und Kontrastdetails|Gummisohle|Sohlenhöhe: 1,2 cm|Farbe Olivgrün|Artikelnummer 9514292",Hauptmaterial 1: 100% Textil|Futter 1: 100% Textil|Sohle: 100% Gummi,,49.95,34.95
UGG,Boots aus Veloursleder mit Lammfellfutter,Flieder|Mittelbraun|Mittelgrau,"22,5|6|23,5|7|25|8|26|9|27|10|28|11|29|12",Kinder Boots von UGG|Modell Bailey Bow|Echtes Veloursleder|Abgerundete Spitze|Überknöchelhoher Schaft|Lammfellfutter|EVA-Profilsohle|Fixierte Zierschleifen am Schaft|Logo-Aufnäher|Sohlenhöhe: 2 cm|Farbe Mittelbraun|Artikelnummer 9550415,Hauptmaterial 1: 100% Veloursleder|Futter 1: 100% Lammfell|Sohle: 100% Gummi,,149.95,89.95
Birkenstock,Sandalen mit verstellbaren Riemen,Olivgrün,26|27|28|29|30|31|32|33|34,Kinder Sandalen von Birkenstock|Modell New York|Verstellbare Riemen aus Birko-Flor|Innensohle aus echtem Leder|Ergonomisches Fußbett aus Naturkork|Profilsohle|Made in Germany|Sohlenhöhe: 2 cm|Farbe Olivgrün|Artikelnummer 9489020,Hauptmaterial 1: 100% Birko-Flor|Futter 1: 100% Leder|Futter 2: 100% Kork|Sohle: 100% Ethylenvinylacetat,,44.95,29.95
Timberland,Lederboots mit Splash Blaster™-Technologie,Hellbraun,25|8|26|9|23|23|24|24|25|25|26|26|27|27|28|28|29|29|30|30,Kinder Lederboots von Timberland|Modell Pokey Pine 6-Inch|Echtes Leder|Wasser- und schmutzabweisend durch Splash Blaster™|OrthoLite®-PU-Fußbett|Abgerundete Spitze |Überknöchelhoher Schaft|Schnürverschluss|Reißverschluss an der Innenseite |Profilsohle aus Gummi|Sohlenhöhe: 1 cm|Farbe Hellbraun|Artikelnummer 9507086,Hauptmaterial 1: 100% Leder|Sohle: 100% Gummi,,74.95,59.95
